{
	"credit": "Made with Blockbench, created by Ian",
	"parent": "minecraft:item/handheld",
	"textures": {
		"layer0": "asylum:item/baguette"
	},
	"display": {
		"thirdperson_righthand": {
			"rotation": [91.55, 87.65, -34.39],
			"translation": [0.75, 2, 1.25]
		},
		"thirdperson_lefthand": {
			"rotation": [69.26, -82.75, 1.75],
			"translation": [0, 2.75, 3]
		},
		"firstperson_righthand": {
			"rotation": [-70, -85.03, 168.16],
			"translation": [1.5, 3.5, 1.75],
			"scale": [0.7, 0.7, 0.7]
		},
		"firstperson_lefthand": {
			"rotation": [-160.71, -85.03, 168.16],
			"translation": [0, 4, 1.75],
			"scale": [0.7, 0.7, 0.7]
		}
	}
}