{
	"credit": "Made with Blockbench, created by Ian",
	"parent": "minecraft:item/handheld",
	"textures": {
		"layer0": "asylum:item/beer"
	},
	"display": {
		"thirdperson_righthand": {
			"rotation": [54.22, -87.43, 0.84],
			"translation": [-0.25, 1.75, -0.75],
			"scale": [0.5, 0.5, 0.5]
		},
		"thirdperson_lefthand": {
			"rotation": [45.5, 90, 0],
			"translation": [-0.5, 1.5, -1],
			"scale": [0.5, 0.5, 0.5]
		},
		"firstperson_righthand": {
			"rotation": [18.35, -69.64, 18.05],
			"translation": [0.75, 3, 1.25],
			"scale": [0.66, 0.66, 0.66]
		},
		"firstperson_lefthand": {
			"rotation": [-155.95, 58.22, 157.05],
			"translation": [0, 3.75, 1.5],
			"scale": [0.6, 0.6, 0.6]
		},
		"ground": {
			"scale": [0.5, 0.5, 0.5]
		},
		"gui": {
			"translation": [0, -0.5, 0]
		}
	}
}